id;created_at;body;author_id;author_name;alignment;depth;user_group_id;user_group_name_fr;commentable_id;commentable_type;root_commentable_url
2286.0;2019-04-23T17:20:41+02:00;Si les rues de Lille sont belles c'est qu'elles sont anciennes et étroites. Il faut faire le deuil des rues à double sens de circulation et double sens de parking. Supprimons systématiquement un côté de parking pour permettre de larges trottoirs arborés et des pistes cyclables sûres.;229.0;PPUrope;0.0;0.0;;;847.0;Decidim::Proposals::Proposal;http://participation.lillemetropole.fr/processes/concertationplanclimatmel/f/90/proposals/847
2288.0;2019-04-23T17:47:32+02:00;"Le dernier plan de mobilité Transpole/Ilévia a principalement constitué en une campagne de communication, en la suppression de lignes de bus et en la réduction du budget. Le doublement des rames de métro est enlisé depuis des années maintenant. Ces situations sont incompatibles avec une métropole en croissance qui prétend avoir une politique de développement durable. 
Ce que les contributions demandent ce ne sont pas des politiques incitatives avec des guides, des forums citoyens de débats ou des mesures symboliques de bacs à fleur.";229.0;PPUrope;1.0;0.0;;;1277.0;Decidim::Proposals::Proposal;http://participation.lillemetropole.fr/processes/concertationplanclimatmel/f/90/proposals/1277
2291.0;2019-04-30T23:01:17+02:00;Explications des résultats autour de l'agglo Bruxelloise ici: https://www.youtube.com/watch?v=QEMkR4Hnnpg;3517.0;Blandinew;0.0;0.0;;;314.0;Decidim::Proposals::Proposal;http://participation.lillemetropole.fr/processes/concertationplanclimatmel/f/90/proposals/314
2294.0;2019-05-22T16:35:53+02:00;"Des actions court terme sont accessible  : APPLIQUER des règles déjà en place.

1° VERBALISER Immédiatement les PL  ( en transit vers la Belgique ) utilisant la VRU.
- COMBIEN DE PV sur ce point précis ont été dressés en 2017, 2018, et 2019 ? 
- Un plan d'action est-il en cours sur ce sujet ? OUI/NON?

2° DISSUADER ET REPETER, REPETER, REPETER : 
Quelles sont les ressources ( AFFICHAGE DYNAMIQUE ) disponibles et quels sont les messages passés ?
Il faut passer des annonces choc sur ces afficheurs pour que ce sentiment d'IMPUNITE et de PAS VU PAS PRIS qu'ont les fraudeurs ( PL >3t5) passe à un sentiment de RESPONSABILITE dans le désastre atmosphérique Lillois.

IL FAUT  PASSER A LA VIDEO VERBALISATION SYSTEMATIQUE
La technologie existe  : plusieurs villes belges/NL y sont déjà passées pour les zones en centre ville   exemple à Anvers : 
https://www.slimnaarantwerpen.be/fr/LEZ";4205.0;;0.0;0.0;;;353.0;Decidim::Proposals::Proposal;http://participation.lillemetropole.fr/processes/concertationplanclimatmel/f/90/proposals/353
2297.0;2019-06-03T16:43:47+02:00;"Proximité des élections municipales ? La MEL se réveille (enfin) sur ce sujet !
Lire : https://www.bulletindescommunes.net/zones-a-faibles-emissions/
Le rapport de l'ADEME, qui est un bon état des lieux en Europe, indique que Lille ne faisait pas encore partie des 14 métropoles candidates en novembre 2018.
Voir : https://www.ademe.fr/zones-a-faibles-emissions-low-emission-zones-lez-a-travers-leurope";734.0;Livinglille;0.0;0.0;;;314.0;Decidim::Proposals::Proposal;http://participation.lillemetropole.fr/processes/concertationplanclimatmel/f/90/proposals/314
2299.0;2019-06-13T19:13:32+02:00;"Non : moi j'ai une voisine qui ne s'entendait pas avec l'autre, et du coup elle mélangeait tous ses déchets dans les mauvais bacs, une fois sa poubelle mise sur le trottoir, exprès pour que sa poubelle soit refusée !
Dans ce cas il faudrait des poubelles fermées à clef et bien prendre en compte (pour les horaires de sortie des poubelles)le fait qu'on est parfois parti travailler quand le camion poubelle passe, donc on ne peut pas être toujours à sa fenêtre à guetter qu'il arrive pour sortir sa poubelle...";3874.0;NP;0.0;0.0;;;1121.0;Decidim::Proposals::Proposal;http://participation.lillemetropole.fr/processes/concertationplanclimatmel/f/90/proposals/1121
2301.0;2019-06-13T19:19:41+02:00;De même dans tous les villages alentour.;3874.0;NP;0.0;0.0;;;852.0;Decidim::Proposals::Proposal;http://participation.lillemetropole.fr/processes/concertationplanclimatmel/f/90/proposals/852
2303.0;2019-06-13T19:29:54+02:00;Entre les Weppes et Lille, Armentières et Lille.;3874.0;NP;0.0;0.0;;;346.0;Decidim::Proposals::Proposal;http://participation.lillemetropole.fr/processes/concertationplanclimatmel/f/90/proposals/346
2306.0;2019-06-13T19:38:51+02:00;"En agriculture bio bien entendu ;)";3874.0;NP;0.0;0.0;;;969.0;Decidim::Proposals::Proposal;http://participation.lillemetropole.fr/processes/concertationplanclimatmel/f/90/proposals/969
2313.0;2019-06-18T19:29:27+02:00;Certains axes sont mal éclairés, poussant alors les habitant-es à opter pour la voiture plutôt que la marche, ce qui n'est pourtant pas sans danger. En revanche que de boutiques éclairées pour rien, que de panneaux publicitaires aveuglants et inutiles !;1690.0;Chartolle;1.0;0.0;;;303.0;Decidim::Proposals::Proposal;http://participation.lillemetropole.fr/processes/concertationplanclimatmel/f/90/proposals/303
2318.0;2019-06-25T20:20:45+02:00;Tout à f;2607.0;Marion T;0.0;0.0;;;846.0;Decidim::Proposals::Proposal;http://participation.lillemetropole.fr/processes/concertationplanclimatmel/f/90/proposals/846
2323.0;2019-07-02T16:31:25+02:00;Des arbres oui mais plantés dans la terre, et pas dans des pots en plastique (même recyclés / recyclables)... cf rue du Maréchal Leclerc à Loos en ce moment réaménagée. les arbres ne seront pas sains ni ne pourront se développer correctement dans des pots.Pourquoi dépenser de l'argent, des produits manufacturés  et du pétrole (= plastique) pour des POTS alors que les arbres n'en ont pas besoin et auront même plus de chances d'être malades, de mal se développer ?!;271.0;fierfol;0.0;0.0;;;1207.0;Decidim::Proposals::Proposal;http://participation.lillemetropole.fr/processes/concertationplanclimatmel/f/90/proposals/1207
2335.0;2019-07-13T23:53:03+02:00;"La validité était de deux heures sur la précédente CSP me semble-t-il.
L'actuelle CSP a passé la validité à une heure tout en mettant en avant l'utilisation en aller/retour. Cette réduction de validité ne permet pas aux usagers excentrés de bénéficier d'un aller/retour. Une validité de deux heures avec aller/retour permettrait un rééquilibrage pour les usagers périphériques.";4430.0;Helder;0.0;0.0;;;521.0;Decidim::Proposals::Proposal;http://participation.lillemetropole.fr/processes/concertationplanclimatmel/f/90/proposals/521
2336.0;2019-07-14T00:09:20+02:00;Le territoire est bien trop vaste et les alternatives pour sortir ou entrer sur la métropole sont bien trop minces. Que faire des personnes qui transitent sur les grands axes ? Cette mesure pourrait s'appliquer dans les centres-villes et les grands centres urbains tout en s'accompagnant de la gratuité d’accès aux transports en commun ainsi que d'un renforcement de l'offre de transports adaptés aux besoins d'usage. Cela permettrait aux non-initiés de se familiariser avec les transports en commun.;4430.0;Helder;0.0;0.0;;;1344.0;Decidim::Proposals::Proposal;http://participation.lillemetropole.fr/processes/concertationplanclimatmel/f/90/proposals/1344
2242.0;2019-04-15T01:56:19+02:00;"Par exemple, le ressort étant certes départemental pour l'enfance, mais la MEL est-elle au courant que la cendre ou au moins el lierre chauffé et infusé (ou à défaut le bicarbonate de soude et le savon de Marseille), fournit une base lavante en lessive, dans le cas où les couches cessent d'être jetables. 
Enfin, les plats sont -ils préparés en centrale comme dans la majorité des villes en France, générant beaucoup de plastique à recycler et à traiter sanitairement pour des enfants (il me semble).";4044.0;Bienvenu;0.0;0.0;;;961.0;Decidim::Proposals::Proposal;http://participation.lillemetropole.fr/processes/concertationplanclimatmel/f/90/proposals/961
410.0;2018-10-10T20:23:26+02:00;si nos élus se déplaçaient en vélo, cela se verrait tout de suite.  Les pistes cyclables devraient être traitées mieux que les voies automobiles;1798.0;mowat;1.0;0.0;;;223.0;Decidim::Proposals::Proposal;http://participation.lillemetropole.fr/processes/concertationplanclimatmel/f/90/proposals/223
432.0;2018-11-07T23:20:59+01:00;Il serai temps de rendre non attractive la bagnole. Ce n'est plus normal de circuler plus vite en véhicule individuel polluant qu'en vélo ou transports en commun.;1991.0;PRIMEL;0.0;0.0;;;291.0;Decidim::Proposals::Proposal;http://participation.lillemetropole.fr/processes/concertationplanclimatmel/f/90/proposals/291
434.0;2018-11-16T12:45:16+01:00;Excellent ! Cela ne semble pas si compliqué à mettre en place, et quand on regarde des photos aériennes de la Métropole, on se dit qu'il y a (beaucoup) de places pour faire pousser des plantes;734.0;Livinglille;1.0;0.0;;;302.0;Decidim::Proposals::Proposal;http://participation.lillemetropole.fr/processes/concertationplanclimatmel/f/90/proposals/302
435.0;2018-11-16T13:01:23+01:00;Il n'y a pour l'instant en France que deux ZFE (zones à faibles émissions), à Grenoble et Paris. 15 autres Métropoles vont mettre en place ce dispositif ... mais rien n'est encore prévu sur la MEL. C'est incompréhensible !;734.0;Livinglille;1.0;0.0;;;307.0;Decidim::Proposals::Proposal;http://participation.lillemetropole.fr/processes/concertationplanclimatmel/f/90/proposals/307
447.0;2018-12-05T20:13:21+01:00;La MEL ni la région Hauts de France ne sont pas riches. Ne rêvons pas d'une nouvelle gare souterraine que nous ne saurons pas financer. Limitons-nous à créer une nouvelle gare LILLE-SUD connectés aux 2 lignes de métro permettant de désengorger LILLE-FLANDRES pour créer un vrai RER qui reliera les lisaons existantes (VALENCIENNES/DOUAI/LENS vers LILLE au sud, LILLE vers HAZEBROUCK/LENS/ARMENTIERES  à l'Ouest avec des fréquences digne de la région parisienne. L'aglomération de LILLE-LENS est la 2ème de France. Nous méritons bien un vrai RER.;2028.0;Michel RAMART;1.0;0.0;;;320.0;Decidim::Proposals::Proposal;http://participation.lillemetropole.fr/processes/concertationplanclimatmel/f/90/proposals/320
449.0;2018-12-12T13:35:12+01:00;en effet , des transports plus adaptés  et moins chers ...pour diminuer ces bouchons et accidents journaliers sur toutes les autoroutes ! et  demander aux entreprises , aux collectivités d'adapter au maximum les horaires de leurs salariés avec les horaires transport en commun  , et évidemment le télé travail;1592.0;cmoi;0.0;0.0;;;320.0;Decidim::Proposals::Proposal;http://participation.lillemetropole.fr/processes/concertationplanclimatmel/f/90/proposals/320
450.0;2018-12-12T13:38:45+01:00;"et on peut y rajouter l'interdiction de laisser les portes des magasins ouvertes avec les ""rideaux "" de chaleur à fond ...ainsi que les chauffages sur les terrasses des bars ...";1592.0;cmoi;0.0;0.0;;;318.0;Decidim::Proposals::Proposal;http://participation.lillemetropole.fr/processes/concertationplanclimatmel/f/90/proposals/318
455.0;2019-01-04T21:05:28+01:00;Effectivement comme à Paris, mettre à disposition des véhicules, trotinettes, velo ou scooter électrique permettrait de réduire l’utilisation des véhicules personnels;2078.0;Rougier;1.0;0.0;;;321.0;Decidim::Proposals::Proposal;http://participation.lillemetropole.fr/processes/concertationplanclimatmel/f/90/proposals/321
456.0;2019-01-09T17:34:31+01:00;Et de ce fait obliger les véhicules à consommer plus de carburant, donc à rejeter plus de polluants.....;2091.0;Vincent;0.0;0.0;;;291.0;Decidim::Proposals::Proposal;http://participation.lillemetropole.fr/processes/concertationplanclimatmel/f/90/proposals/291
460.0;2019-01-16T11:55:14+01:00;"Ou mettre en place des éclairages à ""détection de présence"" comme proche de la citadelle";2174.0;Damien;0.0;0.0;;;337.0;Decidim::Proposals::Proposal;http://participation.lillemetropole.fr/processes/concertationplanclimatmel/f/90/proposals/337
462.0;2019-01-16T14:27:16+01:00;Sans contrôle et sans verbalisation, peu de conducteur respectent les limitations de vitesse appliquées en cas de pic de pollution.;2196.0;Geoffrey;1.0;0.0;;;307.0;Decidim::Proposals::Proposal;http://participation.lillemetropole.fr/processes/concertationplanclimatmel/f/90/proposals/307
465.0;2019-01-16T15:16:24+01:00;"Pour la périphérie, ce service devrait être construit dans une logique de rabattement (à toute heure, car autonome) vers les transports structurants : TER/Métro/Tramway sous la forme donc de lignes de transports (en commun), afin de ne pas venir saturer les axes déjà fréquentés par une flotte de véhicules, qui bien qu'autonomes poseraient des problématiques similaire aux voitures personnelles d'aujourd'hui. 
Favoriser ce report vers les transports en commun aurait pour objectif de fermer le maximum d'axes à la circulation routière et de les destiner aux piétons/modes actifs afin de recréer un cadre de vie apaisé en ville.";78.0;Gaston;0.0;1.0;;;464.0;Decidim::Comments::Comment;http://participation.lillemetropole.fr/processes/concertationplanclimatmel/f/90/proposals/321
468.0;2019-01-16T15:55:48+01:00;Il faut aussi être responsable... arrêter de vouloir manger des fraises en hiver ou des abricots au mois d’avril, interdire qu’un aliment ayant traversé la planète en avion ou bateau puisse être moins cher qu’un produit local ou français...je sais que manger français a un coût. Il y a une vraie concurrence déloyale sur les coûts de production agricole en France par rapport à d’autre pays...mais ce serait judicieux que des grandes surfaces acceptent de baisser leur marges sur ces produits locaux et récupèrent cet argent sur des produits à fort impact carbone;2200.0;Denis;0.0;0.0;;;306.0;Decidim::Proposals::Proposal;http://participation.lillemetropole.fr/processes/concertationplanclimatmel/f/90/proposals/306
471.0;2019-01-16T16:01:57+01:00;La MEL manque cruellement de signalétique pour les modes actifs. Même si un plan semble en cours de déploiement en ce sens. Je soutiens totalement !;78.0;Gaston;1.0;0.0;;;323.0;Decidim::Proposals::Proposal;http://participation.lillemetropole.fr/processes/concertationplanclimatmel/f/90/proposals/323
473.0;2019-01-16T16:04:42+01:00;Le sur emballage, le sachet du carton de la boîte encore emballé dans du plastique .... les bouteilles d’eau en plastique .... retour des consignes sur bouteilles.;2200.0;Denis;1.0;0.0;;;308.0;Decidim::Proposals::Proposal;http://participation.lillemetropole.fr/processes/concertationplanclimatmel/f/90/proposals/308
474.0;2019-01-16T16:07:08+01:00;Concept intéressant, mais il serait à mon sens plus efficace (et moins couteux) de valoriser les parkings relais pour les gens qui n'ont vraiment pas d'autres options que la voiture. Le train reste le plus adapté pour traverser la métropole : pas besoin d'emporter sa voiture avec soi.;78.0;Gaston;-1.0;0.0;;;336.0;Decidim::Proposals::Proposal;http://participation.lillemetropole.fr/processes/concertationplanclimatmel/f/90/proposals/336
475.0;2019-01-16T16:08:41+01:00;Je me désole toujours de ces paysages lunaires de notre région. Avez-vous des idées précises sur la façon de mettre en oeuvre cette proposition ? Incitation financière ? Obligation légale par hectare ? Sensibilisation uniquement ?;78.0;Gaston;1.0;0.0;;;319.0;Decidim::Proposals::Proposal;http://participation.lillemetropole.fr/processes/concertationplanclimatmel/f/90/proposals/319
478.0;2019-01-16T23:58:36+01:00;Il devient urgent de rendre disponible sur le secteur de lille moulins, porte de valenciennes l’accès à des produits locaux ou de circuit court ou encore de faciliter l’installation de commerces bio, le sud de Lille centre est horriblement désert, surtout pour les constructions récentes qui ne demandent qu’à consommer ailleurs qu’en supermarché;2230.0;BRE;1.0;0.0;;;224.0;Decidim::Proposals::Proposal;http://participation.lillemetropole.fr/processes/concertationplanclimatmel/f/90/proposals/224
479.0;2019-01-17T00:03:26+01:00;"Je pense que la MEL n’a pas pour rôle d’intervenir sur les élevages qui sont plutot situés en campagne

Je suis pour l’aide a la securisation des boucheries en centre ville et garder un artisanat local car la France c’est la bonne bouffe avant tout!";2230.0;BRE;-1.0;0.0;;;306.0;Decidim::Proposals::Proposal;http://participation.lillemetropole.fr/processes/concertationplanclimatmel/f/90/proposals/306
480.0;2019-01-17T00:12:37+01:00;Sans étatiser le principe, déjà si la MEL démarchait ce type de « startup verte » et leur proposait des locaux à moindre coûts ce serait déja pas mal. Par contre concernant la localisation, pensez aux nouveaux quartiers en renovation où le pouvoir d’achat est là: exemple : porte de valenciennes!;2230.0;BRE;0.0;0.0;;;285.0;Decidim::Proposals::Proposal;http://participation.lillemetropole.fr/processes/concertationplanclimatmel/f/90/proposals/285
819.0;2019-01-20T19:35:42+01:00;Passons de 30km/h à 90km/h en ville => idée de génie !!;2394.0;Maximilien;-1.0;0.0;;;342.0;Decidim::Proposals::Proposal;http://participation.lillemetropole.fr/processes/concertationplanclimatmel/f/90/proposals/342
935.0;2019-01-23T18:27:03+01:00;"Vouloir interdire le transit des PL aurait pu être intelligent s'il avait été prévu des parkings pour les stocker ! 
De même on peut s'interroger sur le bien fondé de limiter à 70 km/H les périphs lillois : en cas d'embouteillage la pollution ne changera pas , en cas de roulage les transit dureront plus longtemps à un régime moteur néfaste au meilleur rendement ( donc + de pollution ) . Mais de la part d'un maire qui a tout fait pour détériorer le plan de circulation dans sa ville donc augmenter encore une fois la pollution on ne pouvait pas s'attendre à moins !";752.0;JY BALOIS;0.0;0.0;;;343.0;Decidim::Proposals::Proposal;http://participation.lillemetropole.fr/processes/concertationplanclimatmel/f/90/proposals/343
1083.0;2019-01-29T14:19:00+01:00;Clairement cette proposition est une blague ce n'est pas possible !;1552.0;Brewenn;-1.0;0.0;;;342.0;Decidim::Proposals::Proposal;http://participation.lillemetropole.fr/processes/concertationplanclimatmel/f/90/proposals/342
1137.0;2019-01-30T17:58:12+01:00;Ca pourrait être un lieu idéal pour installer un P+R si une zone à basse émission était créée;2551.0;Alain;1.0;0.0;;;513.0;Decidim::Proposals::Proposal;http://participation.lillemetropole.fr/processes/concertationplanclimatmel/f/90/proposals/513
1168.0;2019-01-31T21:28:37+01:00;Terrifiant ce manque de contrôle!;2591.0;Dumont;0.0;0.0;;;582.0;Decidim::Proposals::Proposal;http://participation.lillemetropole.fr/processes/concertationplanclimatmel/f/90/proposals/582
1384.0;2019-02-17T09:31:31+01:00;Entièrement d'accord, le local est la clé de tout : réduction des GES, création d'emplois locaux, redynamisation des quartiers...;2837.0;Lupercos;1.0;0.0;;;570.0;Decidim::Proposals::Proposal;http://participation.lillemetropole.fr/processes/concertationplanclimatmel/f/90/proposals/570
1503.0;2019-02-23T15:00:08+01:00;Pour rendre la mesure encore plus efficace, il faudrait à certaines heures réserver des voies de circulation sur le périphériques, aux véhicules ayant plus d'une personne.;3039.0;Ludwig;0.0;0.0;;;523.0;Decidim::Proposals::Proposal;http://participation.lillemetropole.fr/processes/concertationplanclimatmel/f/90/proposals/523
1464.0;2019-02-20T21:01:56+01:00;Laisser de plus en plus d'accès en ville aux vélos et aux piétons et laisser de moins en moins entrer de voitures. Pour les livraisons de magasin ça serai tôt le matin ou pas du tout. Bien sûre accès 24 heures sur 24 à tout ce qui est urgence, médecins, pompiers, polices, ambulances et Samu. Les bus des transports en commun pour circuler en ville devront être non polluant. Les piétons ne pouvant plus circuler en voiture en ville, devront avoir les prix des transports, vraiment à moindre frais, pour ne pas dire gratuit !!;2151.0;Raymonde;1.0;0.0;;;222.0;Decidim::Proposals::Proposal;http://participation.lillemetropole.fr/processes/concertationplanclimatmel/f/90/proposals/222
1480.0;2019-02-21T19:41:22+01:00;Oui ce serait vraiment pas mal de donner plus de place aux espaces verts à cet endroit. La ville est trop fréquentée par les voitures on y respire de plus en plus mal.;2985.0;Ant;0.0;0.0;;;508.0;Decidim::Proposals::Proposal;http://participation.lillemetropole.fr/processes/concertationplanclimatmel/f/90/proposals/508
1616.0;2019-03-05T21:35:46+01:00;Outre l'aspect écologique, augmenter la vitesse renforcerait le sentiment d'insécurité pour les cyclistes !;3065.0;Rudloff;-1.0;0.0;;;342.0;Decidim::Proposals::Proposal;http://participation.lillemetropole.fr/processes/concertationplanclimatmel/f/90/proposals/342
1748.0;2019-03-16T00:01:21+01:00;"De vraies pistes cyclables reliant les quartiers et les villes de la MEL sont indispensables. Avec cela, chacun pourrait davantage se déplacer avec un mode ""doux"". Actuellement, c'est bien trop dangereux. 
Nous devons prendre exemple sur la Hollande ou la Belgique pour installer ces voies vertes, assurant la sécurité des cyclistes en continu surtout! Pas des bouts de pistes qui se terminent à cause d'un carrefour, d'un rond-point ou d'une route sans alternative... il faut alors retourner sur la route, sans aucune liaison sûre.
La régularité des pistes et un visuel clair pour permettre aux voitures d'identifier facilement ces passages et particulièrement dans les croisement sont aussi indispensables.";3011.0;HLNS;1.0;0.0;;;553.0;Decidim::Proposals::Proposal;http://participation.lillemetropole.fr/processes/concertationplanclimatmel/f/90/proposals/553
2280.0;2019-04-23T13:52:40+02:00;La politique économique de la MEL ne peut pas être expansionniste. Elle doit prendre un virage humaniste et écologiste.;229.0;PPUrope;0.0;0.0;;;782.0;Decidim::Proposals::Proposal;http://participation.lillemetropole.fr/processes/concertationplanclimatmel/f/90/proposals/782
2282.0;2019-04-23T14:04:25+02:00;La région a un superbe potentiel de fret ferroviaire et fluvial ! Les voies ferrées, le port de Lille et le canal Seine-Nord-Europe sont l'alternative écologique !;229.0;PPUrope;0.0;0.0;;;580.0;Decidim::Proposals::Proposal;http://participation.lillemetropole.fr/processes/concertationplanclimatmel/f/90/proposals/580
2305.0;2019-06-13T19:37:49+02:00;"La création d'un ""RER"" parallèle au métro, à grande fréquence, avec quelques grands arrêts (par exemple st Philibert - Porte des postes - Gare Lille Flandres - Tourcoing), permettrait de traverser rapidement la métropole quand on habite d'un côté et travaille de l'autre.";3874.0;NP;0.0;0.0;;;348.0;Decidim::Proposals::Proposal;http://participation.lillemetropole.fr/processes/concertationplanclimatmel/f/90/proposals/348
416.0;2018-10-15T15:11:55+02:00;J'ajouterai : chaque projet de rénovation de voirie;775.0;Bernard DE VEYLDER;0.0;0.0;;;228.0;Decidim::Proposals::Proposal;http://participation.lillemetropole.fr/processes/concertationplanclimatmel/f/90/proposals/228
431.0;2018-10-28T10:37:20+01:00;"Salut Bernard
je note ta proposition sur ""trop de terres agricoles sacrifiées"" qui consiste en ""réhaussement de logements existants"".
Ce n'est pas spécialement évident pratiquement.
De plus, pour les propriétaires habitants de maisons individuelles, il faut avoir un besoin et les moyens, et, dans les copropriétés, l'accord est quasi impossible à trouver. Restent les propriétaires bailleurs de maisons individuelles et les propriétaires bailleurs d'immeubles, principalement des bailleurs sociaux. Pas sûr qu'ils soient très intéressés et/ou en capacité de faire de tels investissements dans des immeubles souvent vieillissants.
Bref pas très évident... surtout vu l'opposition de ton (ex?) parti, EELV, à la densification urbaine et à des immeubles hauts.
Opposition d'ailleurs largement  anti-écologique mais aussi largement démagogique...
Didier Calonne";1409.0;CALONNE;0.0;0.0;;;304.0;Decidim::Proposals::Proposal;http://participation.lillemetropole.fr/processes/concertationplanclimatmel/f/90/proposals/304
433.0;2018-11-13T10:55:31+01:00;"Je trouve que c'est une excellente idée, mais attention au risque d'entrer en concurrence avec des initiatives privées déjà existante, en particulier si c'est aidé par la MEL.
Du coup, j'ajouterai la possibilité de soutenir des initiatives déjà en place dans certaines communes, ou d'y adjoindre une nouvelle offre si ces initiatives ne couvrent pas l'ensemble de vos suggestions de produits.";1999.0;Vbg;1.0;0.0;;;285.0;Decidim::Proposals::Proposal;http://participation.lillemetropole.fr/processes/concertationplanclimatmel/f/90/proposals/285
438.0;2018-11-25T12:42:23+01:00;"Principe à mettre en place urgemment dans tous les restaurants scolaires : un jour par semaine sans viande (ni poisson)!
Sans se contenter pour autant de remplacer la viande par un steack ou des nugets végétales !
Il s'agit d'éduquer nos enfants à la possibilité de manger des plats sans viande. les légumes et féculents ne doivent pas être réduits à l'état d'accompagnement.";2018.0;rys;0.0;0.0;;;306.0;Decidim::Proposals::Proposal;http://participation.lillemetropole.fr/processes/concertationplanclimatmel/f/90/proposals/306
445.0;2018-11-29T12:36:09+01:00;"et densifiés pour éviter la surcharge du réseau qui pourrait dégouter certains de ces usagers ""occasionnels""";2018.0;rys;0.0;1.0;;;439.0;Decidim::Comments::Comment;http://participation.lillemetropole.fr/processes/concertationplanclimatmel/f/90/proposals/317
453.0;2018-12-20T18:28:14+01:00;"Lille-Flandres ne semble pas saturée : elle n'accueille ""que"" 18 millions de passagers par an, avec 17 voies. Les gares de St Denis et de Versailles accueillent chacune environ 26 millions de passagers, avec seulement 8 voies. Celle de Juvisy-Athis Mons en accueille 33 millions, avec 13 voies, etc ...";734.0;Livinglille;0.0;1.0;;;447.0;Decidim::Comments::Comment;http://participation.lillemetropole.fr/processes/concertationplanclimatmel/f/90/proposals/320
461.0;2019-01-16T13:19:31+01:00;Je pense qu'en parlant de 60 jours on fait également référence aux PM2,5, plus dangereux pour la santé: http://www.lavoixdunord.fr/521115/article/2019-01-14/le-scandale-sanitaire-des-chiffres-noirs-de-la-pollution-de-l-air;2178.0;;0.0;1.0;;;458.0;Decidim::Comments::Comment;http://participation.lillemetropole.fr/processes/concertationplanclimatmel/f/90/proposals/317
469.0;2019-01-16T15:55:53+01:00;"Je suis tout à fait d'accord ! Ce n'est pas possible partout du fait de l'histoire de l'urbanisation de notre métropole : on a parfois des rues très étroites, mais quand c'est possible, il nous faut de la végétation (nécessitant peu d'entretien si possible).
Je rajouterai que des espaces boisés en bordure de ville afin de faire une transition avec les espaces agricoles ne serait pas pour me déplaire. Cela pourrait créer une ceinture verte, lieu de biodiversité et de balades. Voire même un axe cyclable majeur pour faire le tour de la MEL.";78.0;Gaston;1.0;0.0;;;305.0;Decidim::Proposals::Proposal;http://participation.lillemetropole.fr/processes/concertationplanclimatmel/f/90/proposals/305
813.0;2019-01-20T14:44:44+01:00;Vivement le progrès technologique dans ce domaine car pour l'heure c'est son seul frein. Mais à 100% POUR;2035.0;GND;1.0;0.0;;;321.0;Decidim::Proposals::Proposal;http://participation.lillemetropole.fr/processes/concertationplanclimatmel/f/90/proposals/321
476.0;2019-01-16T16:10:27+01:00;Avez-vous des idées sur les axes intéressants que pourrait emprunter une telle route dans la métropole ?;78.0;Gaston;1.0;0.0;;;346.0;Decidim::Proposals::Proposal;http://participation.lillemetropole.fr/processes/concertationplanclimatmel/f/90/proposals/346
477.0;2019-01-16T22:44:31+01:00;"A la lecture du plan climat (très pédagogique et ludique), ne sont exprimées que des actions visant à la sobriété, ce qui est une nécessité. Toutefois, dans le débat écologique, le ""moins"" est un leitmotiv. Essayons de passer au ""plus"" : plus de forêt, plus d'espaces verts, plus de ""végétalisation"" de nos rues.";301.0;David Haverlant;0.0;0.0;;;305.0;Decidim::Proposals::Proposal;http://participation.lillemetropole.fr/processes/concertationplanclimatmel/f/90/proposals/305
482.0;2019-01-17T00:25:01+01:00;Oui encore faut il que ce soit accessible de la même façon que le supermarché, pensez à favoriser l’emergence de ces petits projets (ou grand? ) sur le quartier porte de valenciennes, en veritable transformation et où l’on doit aller a OTERA du SART en voiture pour avoir un peu de produit  de circuit court !;2230.0;BRE;0.0;0.0;;;308.0;Decidim::Proposals::Proposal;http://participation.lillemetropole.fr/processes/concertationplanclimatmel/f/90/proposals/308
567.0;2019-01-17T18:17:33+01:00;"Je pense effectivement qu'il y a des choses à faire pour la tarification, en particulier pour les familles. Par contre, soyons prudents sur le sujet de la gratuité : seule, sur un territoire comme celui de la MEL, elle aurait un impact limité à mes yeux. Les transports en commun restent bien moins cher que la possession d'une voiture à l'année (assurance, essence, entretien, réparations, parking, etc). L'argument financier seul n'est pas suffisant. Il faut un réseau plus efficace répondant aux besoins des automobilistes actuels. 

D'autant plus que le réseau actuel est saturé. Il ne serait pas en mesure d'absorber un surplus d'utilisateurs en heure de pointe. Dunkerque a augmenté son offre de bus pour accompagner la gratuité. Or le métro/tramway ne sont pas des infrastructures légères : des investissements conséquents seraient nécessaires.";78.0;Gaston;0.0;0.0;;;345.0;Decidim::Proposals::Proposal;http://participation.lillemetropole.fr/processes/concertationplanclimatmel/f/90/proposals/345
814.0;2019-01-20T14:53:44+01:00;"Il y a déjà des places de parking réservées au co-voiturage dans les P+R (pas toujours respecté mais bon, sans compter que les riverains s'en servent comme parking privé).
Le mieux s'est que toutes les places soient dotées de borne de recharge lente au minimum comme ça, pas de problème quand une thermique se gare sur une place réservée aux véhicules électriques.";2035.0;GND;0.0;1.0;;;565.0;Decidim::Comments::Comment;http://participation.lillemetropole.fr/processes/concertationplanclimatmel/f/90/proposals/359
820.0;2019-01-20T19:52:28+01:00;A vérifier, mais il me semble que l'électricité consommé la nuit (qui peut semblé être du gaspillage) est de l'électricité qui serait perdu autrement (les centrales ne s'arrêtent pas la nuit, et il n'y a pas de stockage).;2394.0;Maximilien;0.0;0.0;;;337.0;Decidim::Proposals::Proposal;http://participation.lillemetropole.fr/processes/concertationplanclimatmel/f/90/proposals/337
833.0;2019-01-21T11:14:49+01:00;"Oui, je comprends bien la problématique, mais la réponse que vous proposez me semble être une fuite en avant : à mon sens il faudrait plutôt promouvoir les alternatives, qui existent. Par exemple, faire le début du trajet en voiture, se garer dans un P+R, prendre les transports en commun, et finir le trajet avec des services de transport à la demande, de location de velo, de voiture partagée, de navettes autonomes, etc... 
En plus de cela, il convient non pas seulement de répondre à la conséquence mais de s'attaquer à la source du problème, via une politique de l'habitat et d'urbanisme ambitieuse qui concilie lieu de travail et lieu de vie. 

Enfin, une solution technique pour ce que vous proposez me semble très coûteux et difficile à mettre en place, pour un impact sur le trafic auto limité, tant les origines / destinations des trajets en voiture sont nombreux.";78.0;Gaston;0.0;2.0;;;812.0;Decidim::Comments::Comment;http://participation.lillemetropole.fr/processes/concertationplanclimatmel/f/90/proposals/336
1177.0;2019-02-01T12:07:49+01:00;Plutôt que d'élargir les voies des infrastructures routières en péri urbain comme la D700, doublement qui ne servira à rien car le trafic reviendra et doublera aussi , tout comme les GES et la pollution, il serait judicieux de créer sur les axes routiers comme celui là, du transport en commun type LianeHNS pour rejoindre les stations de métro Jaurès Les Près  et les 4 cantons. Si un doublement est envisagé , qu'il le soit  sur l'ensemble de l'itinéraire avec lianes ou tram en site propre. Sinon, on ne double pas les voies  mais on donne l'exclusivité de passage aux lianes, co voiturage, taxis sur les tronçons déjà  doublés. il n'y aura pas de ralentissement du transport en commun ds ces conditions. Par contre il faut élargir le rond point de la D952 à 3 voies ainsi que les arrivées sur ce rd-point, progressivement de 1 à 2 puis à 3 voies. Donc: 2 axes principaux de t en c : Wattrelos Les Près  et Wattrelos- 4 cantons directs. Pas de 2x 3 voies sur le D700 car on le court-circuiterait;2522.0;SAVE;0.0;0.0;;;348.0;Decidim::Proposals::Proposal;http://participation.lillemetropole.fr/processes/concertationplanclimatmel/f/90/proposals/348
1473.0;2019-02-21T14:29:11+01:00;Tout à fait d'accord, dé bitumer le sol de la mél et lutter contre les îlots de chaleur avec plus des arbres, des fleurs, du gazon, partout où on peu, de moins en moins de voiture en ville. Plus de nouvelles construction d'immeuble ou de groupement de maisons sans tous ça !!;2151.0;Raymonde;1.0;0.0;;;325.0;Decidim::Proposals::Proposal;http://participation.lillemetropole.fr/processes/concertationplanclimatmel/f/90/proposals/325
1688.0;2019-03-11T16:58:32+01:00;mais où est mon entonoir????;2966.0;Jardapi;-1.0;0.0;;;342.0;Decidim::Proposals::Proposal;http://participation.lillemetropole.fr/processes/concertationplanclimatmel/f/90/proposals/342
1696.0;2019-03-12T11:39:42+01:00;Mesure difficilement généralisable à toutes les gares ferroviaires en zone rurale. La desserte de celles qui se trouvent sur des lignes non électrifiées est moins écologique qu'une desserte en bus (a fortiori quand ce bus est électrique) ... et l'électrification de ces lignes est (beaucoup) trop coûteuse, sans même compter les frais d'entretien associés.;734.0;Livinglille;0.0;0.0;;;960.0;Decidim::Proposals::Proposal;http://participation.lillemetropole.fr/processes/concertationplanclimatmel/f/90/proposals/960
1697.0;2019-03-12T11:46:15+01:00;"Les investissements sont déjà faits, ou en cours (Canal Seine Nord). Ce qui pénalise le plus ces deux modes, ce sont les coûts de transbordement : le fret routier a comme (grand) avantage de permettre un acheminement sans ""rupture de charge"". Les ""aides à la pince"" ne suffisent pas à compenser ce manque de compétitivité. Il ne reste donc comme option que de pénaliser (financièrement) le fret routier ... en instaurant une vignette ?";734.0;Livinglille;0.0;0.0;;;958.0;Decidim::Proposals::Proposal;http://participation.lillemetropole.fr/processes/concertationplanclimatmel/f/90/proposals/958
1750.0;2019-03-16T00:09:35+01:00;Vers Halluin, Neuville en Ferrain, Roncq, il y a des trous, des vides dans les transports en commun. Ils pourraient être comblés par des pistes cyclables clairement identifiables et des parkings/box à vélo sécurisés pour faire le lien avec les transports en commun.;3011.0;HLNS;0.0;0.0;;;346.0;Decidim::Proposals::Proposal;http://participation.lillemetropole.fr/processes/concertationplanclimatmel/f/90/proposals/346
1952.0;2019-03-28T23:40:49+01:00;J’en vois fréquemment dans d’autres villes. C’est aussi pratique pour les touristes ! Au-delà, cela permet de se rendre compte qu’on se déplace rapidement à pied sur de courtes distantes.;3830.0;Sébastien P.;1.0;0.0;;;323.0;Decidim::Proposals::Proposal;http://participation.lillemetropole.fr/processes/concertationplanclimatmel/f/90/proposals/323
2277.0;2019-04-23T13:37:22+02:00;Avec bancs, toilettes, fontaines pour les personnes fragiles;229.0;PPUrope;0.0;0.0;;;274.0;Decidim::Proposals::Proposal;http://participation.lillemetropole.fr/processes/concertationplanclimatmel/f/90/proposals/274
2283.0;2019-04-23T14:04:39+02:00;La région a un superbe potentiel de fret ferroviaire et fluvial ! Les voies ferrées, le port de Lille et le canal Seine-Nord-Europe sont l'alternative écologique !;229.0;PPUrope;0.0;0.0;;;343.0;Decidim::Proposals::Proposal;http://participation.lillemetropole.fr/processes/concertationplanclimatmel/f/90/proposals/343
2289.0;2019-04-30T21:13:59+02:00;Et j'ajouterais : imposer une réduction drastique de la vitesse des voitures circulant à proximité de la piste cyclable, pour des raisons de sécurité et pour pouvoir pédaler sans étouffer;4185.0;Jean Billemont;0.0;0.0;;;360.0;Decidim::Proposals::Proposal;http://participation.lillemetropole.fr/processes/concertationplanclimatmel/f/90/proposals/360
2290.0;2019-04-30T23:00:08+02:00;"A voir les bons résultats de Bruxelles sur le sujet!
Il y a urgence et promouvoir les changements de comportements positifs (zéro déchets, circuits courts etc...à, c'est une très bonne idée.
Obliger les mauvais comportements à disparaître via des Zones à Basse Emissions sera plus rapide, il y a urgence! Soyons ambitieux et mettons vite en place cette mesure!";3517.0;Blandinew;1.0;0.0;;;314.0;Decidim::Proposals::Proposal;http://participation.lillemetropole.fr/processes/concertationplanclimatmel/f/90/proposals/314
2300.0;2019-06-13T19:16:20+02:00;"Il faudrait surtout plus de places de parking (ou plus de transports en commun pour nous y amener).
Le parking de la gare d'Armentières a une capacité plus qu'insuffisante par exemple...";3874.0;NP;0.0;0.0;;;359.0;Decidim::Proposals::Proposal;http://participation.lillemetropole.fr/processes/concertationplanclimatmel/f/90/proposals/359
2304.0;2019-06-13T19:35:34+02:00;"Pour l'instant on n'y est pas au niveau des transports en commun...
Et dans ce cas, moi je n'irai plus dans la MEL la nuit (pas envie de me faire agresser).";3874.0;NP;0.0;0.0;;;1118.0;Decidim::Proposals::Proposal;http://participation.lillemetropole.fr/processes/concertationplanclimatmel/f/90/proposals/1118
2307.0;2019-06-13T19:39:18+02:00;Interdire tout simplement les pesticides...;3874.0;NP;0.0;0.0;;;963.0;Decidim::Proposals::Proposal;http://participation.lillemetropole.fr/processes/concertationplanclimatmel/f/90/proposals/963
2317.0;2019-06-24T22:00:54+02:00;D'accord sur la proposition des sas vélo à étendre sur tout le territoire, mais il faut les faire respecter.;607.0;Colino;0.0;0.0;;;358.0;Decidim::Proposals::Proposal;http://participation.lillemetropole.fr/processes/concertationplanclimatmel/f/90/proposals/358
2320.0;2019-06-26T18:05:22+02:00;"Avec l'augmentation des pics de pollution, la voiture à de moins en moins sa place en ville. Il est temps de piétonniser les centre ville afin d'avoir un espace apaiser en ville invitant à la flanerie.
Il faudrait étendre cette proposition aux centre ville des autres grande ville de la métropole comme Roubaix, Tourcoing, Wattrelos...";1546.0;Arnaud F.;1.0;0.0;;;846.0;Decidim::Proposals::Proposal;http://participation.lillemetropole.fr/processes/concertationplanclimatmel/f/90/proposals/846
2337.0;2019-07-14T00:15:46+02:00;Il y a de nombreuses friches industrielles et délaissés que le PLU pourrait transformer en espace vert afin de préserver la biodiversité sur notre territoire. Comme la friche Saint-Sauveur, la friche de l'Union... des espaces verts boisés sont des ilots de fraicheurs ce qui nous permet d'adapter notre territoire au réchauffement du climat tout en stockant du carbone.;4430.0;Helder;0.0;0.0;;;1346.0;Decidim::Proposals::Proposal;http://participation.lillemetropole.fr/processes/concertationplanclimatmel/f/90/proposals/1346
2338.0;2019-07-14T00:20:24+02:00;"Des espaces verts arborés avec une vocation majeure de préservation de la biodiversité. Un simple gazon, ou un stade ne peuvent être considérés comme des ""espaces de verdures"" mentionnés ici.";4430.0;Helder;0.0;0.0;;;971.0;Decidim::Proposals::Proposal;http://participation.lillemetropole.fr/processes/concertationplanclimatmel/f/90/proposals/971
1097.0;2019-01-30T11:12:24+01:00;Excellente idée;2526.0;Pepere;1.0;0.0;;;513.0;Decidim::Proposals::Proposal;http://participation.lillemetropole.fr/processes/concertationplanclimatmel/f/90/proposals/513
409.0;2018-10-10T20:20:38+02:00;inverser les priorités comme dans les villes belges. Le vélo est prioritaire partout, il n'y a pas de balise arrêt pour les cyclistes;1798.0;mowat;1.0;0.0;;;222.0;Decidim::Proposals::Proposal;http://participation.lillemetropole.fr/processes/concertationplanclimatmel/f/90/proposals/222
417.0;2018-10-15T15:15:43+02:00;Au-delà des toits,  il est possible de valoriser les quelques terres agricoles existant encore en ville (Tourcoing, Wattrelos, Wasquehal...) et une partie des friches (Saint Sauveur?) pour développer l'agriculture urbaine. C'est aussi une réponse pour l'adaptation au changement climatique.;775.0;Bernard DE VEYLDER;1.0;0.0;;;292.0;Decidim::Proposals::Proposal;http://participation.lillemetropole.fr/processes/concertationplanclimatmel/f/90/proposals/292
436.0;2018-11-20T10:45:21+01:00;Ce principe serait déjà à mettre en oeuvre au restaurant de la MEL -hors offre végétarienne habituelle-. Il devrait être soutenu par une action de communication envers les particuliers et les collectivités.;775.0;Bernard DE VEYLDER;0.0;0.0;;;306.0;Decidim::Proposals::Proposal;http://participation.lillemetropole.fr/processes/concertationplanclimatmel/f/90/proposals/306
437.0;2018-11-25T12:03:18+01:00;"Il existe un service de livraison urbaine : le CMDU situé au port de Lille
ses véhicules roulent à la force du mollet ou au GNV (Gaz naturel véhicule).

Problème : il ne s'agit d'un service ni publique ni obligatoire. 

En revanche, la création de zones de circulation restreintes crit'air 0 ou 1 (ne serait-ce que durant les pics de pollution) permettrait de pousser les transporteurs soit à la conversion de leur parc soit à l'utilisation de telles alternatives.";2018.0;rys;0.0;0.0;;;284.0;Decidim::Proposals::Proposal;http://participation.lillemetropole.fr/processes/concertationplanclimatmel/f/90/proposals/284
440.0;2018-11-27T18:38:42+01:00;Je serais plus radical. Est ce que les feux tricolores ont encore leur place en ville ?;2017.0;Tabareau;0.0;0.0;;;222.0;Decidim::Proposals::Proposal;http://participation.lillemetropole.fr/processes/concertationplanclimatmel/f/90/proposals/222
442.0;2018-11-27T18:41:50+01:00;En effet il y a urgence;2017.0;Tabareau;1.0;0.0;;;293.0;Decidim::Proposals::Proposal;http://participation.lillemetropole.fr/processes/concertationplanclimatmel/f/90/proposals/293
448.0;2018-12-12T13:30:25+01:00;rejoignez les collectifs déjà en place Ensemble pour le climat Hauts de France , Collectif citoyen pour le climat Lille ( il existe d'autres villes pour ces 2 collectifs en Haut de France ) il y a même des moyens de participer par Discord si vous ne pouvez pas toujours vous déplacer , proposez vos compétences sur ces collectifs;1592.0;cmoi;0.0;0.0;;;294.0;Decidim::Proposals::Proposal;http://participation.lillemetropole.fr/processes/concertationplanclimatmel/f/90/proposals/294
451.0;2018-12-19T11:40:14+01:00;Et une meilleure utilisation de la voie d'eau, en réinvestissant les canaux ?;734.0;Livinglille;0.0;0.0;;;284.0;Decidim::Proposals::Proposal;http://participation.lillemetropole.fr/processes/concertationplanclimatmel/f/90/proposals/284
483.0;2019-01-17T08:35:33+01:00;Alternative au transport de marchandise routier: le fluvial! Les canaux ne sont pas rares dans la région, sont sous-utilisés, il faut rouvrir les anciennes voies de navigation fluviale pour désengorger les routes.;2240.0;Sab;0.0;0.0;;;353.0;Decidim::Proposals::Proposal;http://participation.lillemetropole.fr/processes/concertationplanclimatmel/f/90/proposals/353
565.0;2019-01-17T18:05:38+01:00;"Je pense également qu'il faut mettre le paquet sur la signalétique. Les places pour les voitures électriques sont intéressantes. Je rajouterai également des places covoiturage ! 

Pour le V'lille par contre, le service est déjà vraiment abordable (24,50€ l'ANNEE !), ce n'est pas une question d'incitation financière à mon sens qu'il faut ici. Ok pour qu'il y ait des stations à proximité des P+R (logique de pole d'échange multimodal), mais uniquement si cela fait sens avec la construction du réseau actuel (une station V'lille ne fonctionne pas d'elle même comme une gare, il faut un maillage avec des stations à proximité).";78.0;Gaston;0.0;0.0;;;359.0;Decidim::Proposals::Proposal;http://participation.lillemetropole.fr/processes/concertationplanclimatmel/f/90/proposals/359
589.0;2019-01-17T18:59:46+01:00;Attention au placement, ça peut être extrêmement dangereux pour les cyclos;2298.0;Drudru;0.0;0.0;;;222.0;Decidim::Proposals::Proposal;http://participation.lillemetropole.fr/processes/concertationplanclimatmel/f/90/proposals/222
649.0;2019-01-18T00:07:52+01:00;"Il faudrait également végétaliser les bas cotés des routes en ville et en zone périurbaine.

Planter des arbres autours des routes dans les villes rend la ville plus belle et lutte contre la pollution !";2312.0;;1.0;0.0;;;325.0;Decidim::Proposals::Proposal;http://participation.lillemetropole.fr/processes/concertationplanclimatmel/f/90/proposals/325
689.0;2019-01-18T11:44:53+01:00;Il n'est bien entendu pas attendu de desservir la totalité des 90 communes... L'objectif ici est de pouvoir faire le tour de Lille rapidement sans passer par la route pour rejoindre les centres d'affaires et autre poles universtaires, eux aussi concentrés en périphérie. Saint-André -> Villeneuve d'Ascq, c'est 55 minutes en voiture un Vendredi aux heures de pointe. Le meme trajet en transports en commun, 50 minutes Bus + Metro. Si le réseau de transport en commun peut proposer mieux, la population serait plus a meme de libérer les routes et permettre ainsi aux autres habitants de la MEL moins proche de Lille de pouvoir circuler sur les routes a plus de 20km/h;2178.0;;0.0;0.0;;;348.0;Decidim::Proposals::Proposal;http://participation.lillemetropole.fr/processes/concertationplanclimatmel/f/90/proposals/348
1068.0;2019-01-28T22:13:54+01:00;entièrement d'accord. proposition indispensable !;2513.0;RUGET;0.0;0.0;;;339.0;Decidim::Proposals::Proposal;http://participation.lillemetropole.fr/processes/concertationplanclimatmel/f/90/proposals/339
1095.0;2019-01-30T09:23:38+01:00;"Près de 2.000 personnes viennent travailler quotidiennement à proximité immédiate de la gare. (page wikipedia de la gare ""champ du chêne"")";2520.0;FK;1.0;0.0;;;513.0;Decidim::Proposals::Proposal;http://participation.lillemetropole.fr/processes/concertationplanclimatmel/f/90/proposals/513
1223.0;2019-02-03T19:30:36+01:00;J'ai oublié de préciser que chaque construction neuve devrait également gérer l'eau: récupération de l'eau de pluie et des eaux grises;2630.0;DelphineL;1.0;0.0;;;370.0;Decidim::Proposals::Proposal;http://participation.lillemetropole.fr/processes/concertationplanclimatmel/f/90/proposals/370
1167.0;2019-01-31T21:24:54+01:00;Bravo pour votre réflexion;2591.0;Dumont;0.0;0.0;;;585.0;Decidim::Proposals::Proposal;http://participation.lillemetropole.fr/processes/concertationplanclimatmel/f/90/proposals/585
1170.0;2019-01-31T21:34:03+01:00;Le RSD est trop ancien!;2591.0;Dumont;0.0;0.0;;;507.0;Decidim::Proposals::Proposal;http://participation.lillemetropole.fr/processes/concertationplanclimatmel/f/90/proposals/507
1171.0;2019-01-31T22:02:29+01:00;Efficace!;2591.0;Dumont;0.0;0.0;;;581.0;Decidim::Proposals::Proposal;http://participation.lillemetropole.fr/processes/concertationplanclimatmel/f/90/proposals/581
1179.0;2019-02-01T12:31:44+01:00;"Dans le cas de 2x 3 voies soit 2 pour les voitures et 1 pour le transport en commun, on court-circuiterait  l'efficacité du transport en commun. De plus la largeur des ponts est trop  juste pour une 2x3 voies ça ferait  utiliser la BAU  Le nouveau concept  de mobilité que nous proposons. c'est l'usager qui va aux stations de la D700, ( aux ronds-points) qui y trouve une  aire de co voiturage et rejoint rapidement par liane ou co voiturage les stations de métro.
12 communes péri urbaine qui souffrent d'une pénurie de transport en commun rapide vers VDA et lille ( 1h à 1h30 de trajet) avec des habitants qui n'ont pas de voiture, seraient ainsi satisfaits. Un doublement des voies de la D700 ne leur apporterait  rien de plus. Avec les 2 lignes TER de Baisieux et Orchies Ascq Pont de bois qui se croisent sur la D952 où il faudrait un arrêt et une aire de co voiturage, la mobilité de ce territoire serait optimisée. Nos élus décideurs doivent s'informer des conséquences néfastes d'un doublt";2522.0;SAVE;0.0;1.0;;;1177.0;Decidim::Comments::Comment;http://participation.lillemetropole.fr/processes/concertationplanclimatmel/f/90/proposals/348
1221.0;2019-02-03T19:25:20+01:00;"Je soutiens la proposition et j'ajoute qu'il faudrait l'étendre aux contenants pour les restaurants à emporter ou sandwicherie type ""La Famille"", ""So good"", etc. Le nombre de déchet plastiques générés par ces enseignes est juste un scandale!!";2630.0;DelphineL;1.0;0.0;;;534.0;Decidim::Proposals::Proposal;http://participation.lillemetropole.fr/processes/concertationplanclimatmel/f/90/proposals/534
1224.0;2019-02-03T19:34:12+01:00;N'oublions pas non plus les co-propriétaires des copropriétés horizontales et verticales. Il faudrait rendre obligatoire un DPE pour toutes le copropriétés ainsi qu'un plan pluriannuel de travaux si le DPE n'est pas bon.;2630.0;DelphineL;1.0;0.0;;;293.0;Decidim::Proposals::Proposal;http://participation.lillemetropole.fr/processes/concertationplanclimatmel/f/90/proposals/293
1287.0;2019-02-10T14:33:08+01:00;"Cartographie qui devait justement être faite par la MEL : http://lavdn.lavoixdunord.fr/414649/article/2018-07-11/pollutrack-un-nouvel-outil-pour-traquer-les-particules-fines-lille
Où en sont les résultats ?";2616.0;MathM;1.0;0.0;;;290.0;Decidim::Proposals::Proposal;http://participation.lillemetropole.fr/processes/concertationplanclimatmel/f/90/proposals/290
1382.0;2019-02-17T09:16:32+01:00;"Je suis entièrement d'accord. Quand on voit les secteurs piétonniers des centre-villes des villes de la MEL, nous sommes en retard. Il suffit d'aller à  Tournai pour voir comme il est agréable d'avoir un centre-ville piéton !
Toutefois, piétonniser pourrait avoir comme conséquence de rabattre les usagers accrocs à la voiture sur les centres commerciaux, qui sont les pires choses que notre urbanisme des 40 dernières années a fait : déplacements centrés sur la voiture (donc génération important de trafic), achat de produits au bilan carbone et humain déplorable...
Il faut donc également travailler sur les deux tableaux. La solution est de réintroduire le commerce de proximité. De plus cela crée des emplois et réanime les quartier.";2837.0;Lupercos;1.0;0.0;;;549.0;Decidim::Proposals::Proposal;http://participation.lillemetropole.fr/processes/concertationplanclimatmel/f/90/proposals/549
1459.0;2019-02-20T19:11:41+01:00;"Créer de vraies ""autoroutes"" à vélo pour relier les villes périphériques au centre ville de Lille comme sur les grands boulevards.
Par exemple, suivre les cours d'eau et dédier une des berges au vélo; améliorer, créer, prolonger les pistes cyclables en bord de Deûle pour rejoindre Loos, Haubourdin puis Seclin et les Weppes d'un côté et La Madeleine, Wambrechies de l'autre.
Créer une ""voie verte"" à vélo reliant Villeneuve d'Ascq à Lille via le grand stade et Lezennes";2915.0;Caro;1.0;0.0;;;346.0;Decidim::Proposals::Proposal;http://participation.lillemetropole.fr/processes/concertationplanclimatmel/f/90/proposals/346
1629.0;2019-03-06T19:01:49+01:00;Effectivement certaines pistes sont en mauvais état ou jonchées de débris (du verre pilé notamment !) et il faut parfois attendre plusieurs mois pour que ce soit corrigé.;3065.0;Rudloff;1.0;0.0;;;275.0;Decidim::Proposals::Proposal;http://participation.lillemetropole.fr/processes/concertationplanclimatmel/f/90/proposals/275
1751.0;2019-03-16T00:12:24+01:00;Lille - Marcq en Baroeul - Mouvaux - Neuville en Ferrain;3011.0;HLNS;1.0;0.0;;;360.0;Decidim::Proposals::Proposal;http://participation.lillemetropole.fr/processes/concertationplanclimatmel/f/90/proposals/360
1805.0;2019-03-19T21:21:57+01:00;La taxation au poids est une fausse bonne idée, dont les effets pervers ont été testés ailleurs. En Allemagne, les gens ont déposé leurs déchets dans la poubelle de leurs voisins, et ils ont renoncé à cette mesure. Dans le sud est de la France, cela a conduit à la multiplication des décharges sauvages.;3427.0;Cécile Lambda;0.0;0.0;;;764.0;Decidim::Proposals::Proposal;http://participation.lillemetropole.fr/processes/concertationplanclimatmel/f/90/proposals/764
2241.0;2019-04-15T01:53:24+02:00;"Bonjour à tous,
Je note dans le même temps que de nombreux ""welcomers"" (en rouge) nous aident à valider les titres, et médiateurs (en vert) discutant dans les métros par binômes... Cela donne du boulot de fait, mais pendant que la communication est boostée au moment du changement de nom, des lignes comme la Z1 ne bénéficient pas de nouvelles relations en matinée ou soirée (dernier bus à 19h10 de Tourocing CH Dron, privant la 20aine de salariés du coin d'un retour si prolongation du travail le soir = coup de fil conjoint ou ami ou famille).";4044.0;Bienvenu;0.0;0.0;;;345.0;Decidim::Proposals::Proposal;http://participation.lillemetropole.fr/processes/concertationplanclimatmel/f/90/proposals/345
2243.0;2019-04-15T01:59:30+02:00;Pour : une étude développée et promue par Greenpeace en ligne, démontre l'omniprésence des protéines dans l'alimentation de nos chères têtes blondes (fromage, pain, riz, viande, charcuterie en entrée, thon en boîte au mercure).;4044.0;Bienvenu;1.0;0.0;;;306.0;Decidim::Proposals::Proposal;http://participation.lillemetropole.fr/processes/concertationplanclimatmel/f/90/proposals/306
2278.0;2019-04-23T13:40:06+02:00;Pour soutenir les locataires dans ces démarches, il faut travailler aussi avec les communes dont les services d'hygiène et de salubrité sont souvent débordés.;229.0;PPUrope;0.0;0.0;;;293.0;Decidim::Proposals::Proposal;http://participation.lillemetropole.fr/processes/concertationplanclimatmel/f/90/proposals/293
2284.0;2019-04-23T14:14:56+02:00;La région a un superbe potentiel de fret ferroviaire et fluvial ! Les voies ferrées, le port de Lille et le canal Seine-Nord-Europe sont l'alternative écologique ! Il faut les soutenir par des investissements plus clairs;229.0;PPUrope;0.0;0.0;;;958.0;Decidim::Proposals::Proposal;http://participation.lillemetropole.fr/processes/concertationplanclimatmel/f/90/proposals/958
2287.0;2019-04-23T17:24:46+02:00;Il s'agit, je crois, du tracé de l'Eurovélo 5. Malgré sa dénomination et son interconnexion européenne, cette piste est très peu praticable : pas de signalétique, des alternances entre rives gauche et droite trop fréquentes, des détours par des parcs industriels... C'est indigne pour la MEL et l'UE !;229.0;PPUrope;0.0;0.0;;;1159.0;Decidim::Proposals::Proposal;http://participation.lillemetropole.fr/processes/concertationplanclimatmel/f/90/proposals/1159
2298.0;2019-06-13T19:08:40+02:00;"Aux Philippines, les élèves seront obligés de planter 10 arbres par an pour obtenir leur diplôme : ainsi au moins 175 millions de nouveaux arbres seront plantés chaque année !
Faisons la même chose !";3874.0;NP;0.0;0.0;;;305.0;Decidim::Proposals::Proposal;http://participation.lillemetropole.fr/processes/concertationplanclimatmel/f/90/proposals/305
2314.0;2019-06-18T19:32:30+02:00;Alors une journée de (re ?) découverte des produits locaux ET végétaliens. Personne n'en mourra je pense, bien au contraire !;1690.0;Chartolle;0.0;0.0;;;306.0;Decidim::Proposals::Proposal;http://participation.lillemetropole.fr/processes/concertationplanclimatmel/f/90/proposals/306
2315.0;2019-06-18T19:36:27+02:00;Toilettes sèches, fontaines type Wallace... Avec un peu de chance, certains points d'eau (mares ?) pourraient apporter un peu de biodiversité itou (il n'y a pas que les animaux humains, les moucherons et les chihuahuas qui ont le droit de vivre dans la MEL !);1690.0;Chartolle;0.0;0.0;;;274.0;Decidim::Proposals::Proposal;http://participation.lillemetropole.fr/processes/concertationplanclimatmel/f/90/proposals/274
422.0;2018-10-23T12:05:58+02:00;"Exemple de ce qu'il faudrait généraliser : Rencontres Régionales des Repair Café Haut de France.
https://www.youtube.com/watch?v=bWH9IiZGUT8";1566.0;THOMAS Rémi;0.0;0.0;;;294.0;Decidim::Proposals::Proposal;http://participation.lillemetropole.fr/processes/concertationplanclimatmel/f/90/proposals/294
439.0;2018-11-25T12:47:05+01:00;Transport en commun gratuit pendant ces jours là;1798.0;mowat;0.0;0.0;;;317.0;Decidim::Proposals::Proposal;http://participation.lillemetropole.fr/processes/concertationplanclimatmel/f/90/proposals/317
443.0;2018-11-27T18:46:07+01:00;C est prévu au PLUi2  avec le coefficient de biotope à 0,45 il me semble non ?;2017.0;Tabareau;1.0;0.0;;;302.0;Decidim::Proposals::Proposal;http://participation.lillemetropole.fr/processes/concertationplanclimatmel/f/90/proposals/302
446.0;2018-11-29T12:44:51+01:00;"Oui!
Les zones les moins perméables doivent être fortement ""dé-bituminées""
Chaque nouveau parking doit être conçus avec des revêtements perméables
Les nouvelles places urbaines (nouvelles ou rénovées) doivent être végétalisées (gazon, parterres de fleurs, arbustes ... ) sur au moins 1/3 de leur surface.";2018.0;rys;1.0;0.0;;;325.0;Decidim::Proposals::Proposal;http://participation.lillemetropole.fr/processes/concertationplanclimatmel/f/90/proposals/325
457.0;2019-01-10T18:11:33+01:00;Ce n'est pas 30 jours mais 63 jours de pics de pollution !;2096.0;OSSELIN;0.0;0.0;;;317.0;Decidim::Proposals::Proposal;http://participation.lillemetropole.fr/processes/concertationplanclimatmel/f/90/proposals/317
458.0;2019-01-15T16:40:44+01:00;"En 2018, sur le département du Nord nous avons, pour les PM10, 16 jours d'épisode de pollution (seuil d'information dépassé) et 3 jours pour l'ozone (persistance). Nous sommes bien loin des 63 jours de pic de pollution.
Je ne cherche pas à minimiser mais il ne faut pas non plus tomber dans l’excès inverse. En 2017, 24 jours d'épisode de pollution, pour les PM10, dont  10 jours où le seuil d'alerte a été dépassé.
Ce qui me gêne, c'est que je vois souvent diminution de la vitesse des véhicules lors des épisodes de pollution. 
Pour les PM10, il faut savoir que les émissions dû au trafic représente environ 6,7 % des émissions totales. Et sur ces émissions, liés au trafic, plus de la moitié sont de la resuspension et usure.  Si on ne prend que cette mesure, l'effet sur les émissions sera faible voir imperceptible. 
Il faut s'attaquer à d'autres secteurs émetteurs comme le résidentiel et en particulier les appareils à combustion qui eux représentent 28 % des émissions totales.";2112.0;D.;0.0;0.0;;;317.0;Decidim::Proposals::Proposal;http://participation.lillemetropole.fr/processes/concertationplanclimatmel/f/90/proposals/317
459.0;2019-01-15T17:01:09+01:00;Si une famille de 4 personnes dont 2 ado, veulent passer une après-midi sur Lille. Prendre les transports en commun leur reviendrai à 10,48 €. Vous venez sur Lille en voiture et prenez un parking souterrain durant 3 h, ça vous reviendra à 7,2 € en n'ayant pas les contraintes horaire. Il n'y a pas photo.;2112.0;D.;0.0;0.0;;;345.0;Decidim::Proposals::Proposal;http://participation.lillemetropole.fr/processes/concertationplanclimatmel/f/90/proposals/345
464.0;2019-01-16T15:13:30+01:00;"Un service de véhicule autonomes pourrait être très intéressant pour le centre-ville afin de répondre au besoin du ""dernier kilomètre""; avec une flotte de véhicules de différentes tailles (1, 2, 4 places, etc.) pour limiter l'emprise selon le besoin. 
Mais cela ne fonctionnerait que dans une ville ou la voiture personnelle serait interdite ou fortement contrôlée (seulement à certaines heures). De plus, pour inciter à la pratique de la marche ou du vélo, ce service devrait être limité selon moi : soit à un certain nombre de voyages par jours ""compris dans l'abonnement"" (et avec un supplément après) pour les personnes valides, soit par une tarification progressive (attractif jusqu'à deux fois par jours, puis au prix d'un service type Uber). Pour les personnes à mobilité réduite, ce service devrait être gratuit ou compris dans leur abonnement spécifique. 
Je l'envisage donc en centre-ville, à l'inverse de la proposition qui visait la périphérie il me semble.";78.0;Gaston;1.0;0.0;;;321.0;Decidim::Proposals::Proposal;http://participation.lillemetropole.fr/processes/concertationplanclimatmel/f/90/proposals/321
466.0;2019-01-16T15:18:51+01:00;Inciter... ou obliger. Ne faisons pas dans la demie-mesure. Il faut une politique globale. Seuls les lieux à risque devraient être éclairés selon moi, et encore, avec détection de présence.;78.0;Gaston;1.0;0.0;;;337.0;Decidim::Proposals::Proposal;http://participation.lillemetropole.fr/processes/concertationplanclimatmel/f/90/proposals/337
467.0;2019-01-16T15:25:16+01:00;En regardant de plus près, les valeurs journalières en 2018 sur les 3 stations de la métropole mesurant le PM2.5 (2 stations dites trafic et une station dite de fond), le dépassement de la valeur journalière de l'OMS est situé entre 41 et 58 jours (concentrations supérieur à 25µg/m3). Par contre en moyenne annuelle oui nous sommes au dessus, la moyenne annuelle OMS étant de 10 µg/m3 (valeur limite), les concentrations moyennes annuelles des stations se situent entre 12,8 et 16.6 µg/m3 (la plus élevée étant la station mesurant la pollution dite de fond). Ne pas confondre valeur journalière et valeur annuelle comme ça a été fait dans cet article.;2112.0;D.;0.0;1.0;;;458.0;Decidim::Comments::Comment;http://participation.lillemetropole.fr/processes/concertationplanclimatmel/f/90/proposals/317
470.0;2019-01-16T16:00:10+01:00;Sinon, on peut chasser définitivement la voiture de la ville. Comme ça plus de problème. Vous suggérez d'augmenter la vitesse limite en ville ? Outre la pollution de l'air, il faut tenir compte à mon sens de la qualité de vie et des espaces publics : la limitation à 30km/h va dans ce sens et promeut un usage des modes actifs comme le vélo. La vitesse moyenne en ville d'une voiture est de 15km/h, soit à peu près celle du vélo.;78.0;Gaston;-1.0;0.0;;;342.0;Decidim::Proposals::Proposal;http://participation.lillemetropole.fr/processes/concertationplanclimatmel/f/90/proposals/342
812.0;2019-01-20T14:39:02+01:00;"Oui le parking relais est une bonne option quand on veut se rendre DANS la métropole mais pour la traverser ? Imagines tu habites Laventie et tu travailles  Ennevelin. Après avoir évacué les possibilités de déménagement (budget/capacité investissement etc...) ben tu prends ta voiture pour aller bosser (car trop problème de correspondance etc...) et tu traverses la métropole
Mon concept a pour but d'offrir une solution pour ses personnes dans un objectif d'améliorer la qualité de l'air sur la métropole car la pollution n'est pas uniquement produite par les métropolitains eux-mêmes.";2035.0;GND;0.0;1.0;;;474.0;Decidim::Comments::Comment;http://participation.lillemetropole.fr/processes/concertationplanclimatmel/f/90/proposals/336
1222.0;2019-02-03T19:27:20+01:00;Je soutiens la proposition et j'ajoute que chaque construction neuve devrait être obligatoirement à énergie positive.;2630.0;DelphineL;1.0;0.0;;;370.0;Decidim::Proposals::Proposal;http://participation.lillemetropole.fr/processes/concertationplanclimatmel/f/90/proposals/370
1093.0;2019-01-30T09:10:46+01:00;"Un ""low hanging fruit"": benefice tres rapide en terme de pollution et de reduction de la circulation pour un cout extrêmement faible";2524.0;Moustique;1.0;0.0;;;513.0;Decidim::Proposals::Proposal;http://participation.lillemetropole.fr/processes/concertationplanclimatmel/f/90/proposals/513
1094.0;2019-01-30T09:13:06+01:00;ça rajoute une interconnection avec la corolle;2517.0;Candide59;1.0;0.0;;;513.0;Decidim::Proposals::Proposal;http://participation.lillemetropole.fr/processes/concertationplanclimatmel/f/90/proposals/513
1124.0;2019-01-30T15:54:03+01:00;Voilà une suggestion qui devrait être retenue !;2532.0;Desbois;0.0;0.0;;;513.0;Decidim::Proposals::Proposal;http://participation.lillemetropole.fr/processes/concertationplanclimatmel/f/90/proposals/513
1135.0;2019-01-30T17:16:47+01:00;Bravo;2549.0;JeanMichel;0.0;0.0;;;513.0;Decidim::Proposals::Proposal;http://participation.lillemetropole.fr/processes/concertationplanclimatmel/f/90/proposals/513
1166.0;2019-01-31T16:57:06+01:00;Le souci des voitures électrique est la batterie... polluante,impossible à recycler...;2595.0;laurene;0.0;0.0;;;280.0;Decidim::Proposals::Proposal;http://participation.lillemetropole.fr/processes/concertationplanclimatmel/f/90/proposals/280
1169.0;2019-01-31T21:30:41+01:00;Félicitations pour votre pertinence;2591.0;Dumont;0.0;0.0;;;579.0;Decidim::Proposals::Proposal;http://participation.lillemetropole.fr/processes/concertationplanclimatmel/f/90/proposals/579
1383.0;2019-02-17T09:23:46+01:00;"Une première solution serait un péage pour tous les poids-lourds en transit. Cette taxe permettrait de financer les infrastructure de transport en commun et cyclable (ou les services hospitaliers de traitement des maladies respiratoires pour être cynique).
En parallèle, oui, il faut interdire le transit des poids-lourds. Ils ne sont que nuisance : dégradation des routes, danger dans la circulation, bouchon, GES. De plus, maintenir ces poids lourds, c'est quelque part cautionner l'ultra-mondialisation des échanges et le nivellement par le bas du coût, des conditions de travail, de la qualité... Les solutions sont le fluvial et le ferroviaire. Toutefois, ces initiatives sont difficiles à prendre par la seule MEL. Il faudrait par exemple que toute la Région Hauts-de-France interdise le transit de poids-lourds (en prenant exemple sur la Suisse par exemple).";2837.0;Lupercos;1.0;0.0;;;353.0;Decidim::Proposals::Proposal;http://participation.lillemetropole.fr/processes/concertationplanclimatmel/f/90/proposals/353
1474.0;2019-02-21T14:32:46+01:00;Des pistes cyclable en ville, ne plus mélanger pistes cyclable et voiture, car ces deux là font encore beaucoup d'accidents mortelles. Il faut que chacun est son propre chemin qui pourrait couper les rues en installant des feux où les voitures laisseraient passer les vélos qui devrait lui être prioritaire sur la voiture !!;2151.0;Raymonde;1.0;0.0;;;522.0;Decidim::Proposals::Proposal;http://participation.lillemetropole.fr/processes/concertationplanclimatmel/f/90/proposals/522
1698.0;2019-03-12T11:53:40+01:00;La gratuité déresponsabilise les utilisateurs : par définition, ce qui est gratuit n'a pas de valeur ... et ce n'est pas vraiment comme cela que nous voulons que les transports en commun soient considérés.;734.0;Livinglille;-1.0;0.0;;;583.0;Decidim::Proposals::Proposal;http://participation.lillemetropole.fr/processes/concertationplanclimatmel/f/90/proposals/583
1752.0;2019-03-16T00:16:27+01:00;"Les arbres dans les villes sont comme des""orphelins"". Il faut valoriser, créer, favoriser un grand boisement en pourtour de la MEL pour permettre une connexion et une gestion ""naturelle"" du site. Permettre aux arbres de pousser ""librement"" sans une intervention trop stricte souvent néfaste à la biodiversité.";3011.0;HLNS;1.0;0.0;;;305.0;Decidim::Proposals::Proposal;http://participation.lillemetropole.fr/processes/concertationplanclimatmel/f/90/proposals/305
1840.0;2019-03-22T11:40:50+01:00;la friche saint sauveur devrait etre un nouveau parc pour les habitants avec un jardin citoyen. Les espaces verts sont trop peu nombreux dans Lille. Le projet de construire une piscine Olympique sur ce site entraine un bétonnage supplémentaire de cette zone déjà bien urbanisée  et augmentera encore le nombre de véhicule, les nuisances a tout point de vue.;3704.0;nono59*;0.0;0.0;;;508.0;Decidim::Proposals::Proposal;http://participation.lillemetropole.fr/processes/concertationplanclimatmel/f/90/proposals/508
1939.0;2019-03-28T12:47:28+01:00;"C'est sur ! 
Prévoir également des bancs pour les promeneurs.";3284.0;ryssen;1.0;0.0;;;1159.0;Decidim::Proposals::Proposal;http://participation.lillemetropole.fr/processes/concertationplanclimatmel/f/90/proposals/1159
2279.0;2019-04-23T13:45:48+02:00;Les études routières et urbaines sur l'éclairage sont contradictoires. Il n'est pas prouvé que la luminosité diminue les accidents ou l'insécurité. L'Allemagne éclaire bien moins ses villes et assume la pénombre dans ses quartiers. Moins d'éclairage c'est moins d'énergie consommé et un meilleur environnement pour la biodiversité. Diminuons l'éclairage public, supprimons un lampadaire sur deux !;229.0;PPUrope;0.0;0.0;;;337.0;Decidim::Proposals::Proposal;http://participation.lillemetropole.fr/processes/concertationplanclimatmel/f/90/proposals/337
2281.0;2019-04-23T13:57:12+02:00;La MEL n'est pas une ONG. En tant que collectivité territoriale, elle a des compétences et des responsabilités. Qu'elle soit plus que prescriptrice : elle peut interdire, imposer et investir ! Donnons nous les moyens d'un tournant citoyen et public !;229.0;PPUrope;0.0;0.0;;;296.0;Decidim::Proposals::Proposal;http://participation.lillemetropole.fr/processes/concertationplanclimatmel/f/90/proposals/296
2285.0;2019-04-23T14:17:26+02:00;La région a un superbe potentiel de fret ferroviaire et fluvial ! Les voies ferrées, le port de Lille et le canal Seine-Nord-Europe sont l'alternative écologique ! Ils doivent être plus clairement entretenus et soutenus !;229.0;PPUrope;0.0;0.0;;;284.0;Decidim::Proposals::Proposal;http://participation.lillemetropole.fr/processes/concertationplanclimatmel/f/90/proposals/284
2292.0;2019-05-03T01:48:25+02:00;"Pour se débarasser du transit PC qui passe sur le périph de Lille , il manque 3 choses :

* densifier les trajets de marchandise par le train
* mettre le plus possible de marchandise sur les péniches
* un voie de délestage routière de la métropole par l'ouest ...  

Il est illusoire de penser qu'un blocage complet du transit est possible sur Lille. Lille est géographiquement dans la zone de l'Europe la plus soumise au trafic de transit routier. Ne revons pas , un transit par Valenciennes ou Dunkerque n'est pas non plus possible , car ces villes envoient elles même du transit à destination de Lille ou qui s'arrête dans sa périphérie.";2454.0;pg;0.0;0.0;;;353.0;Decidim::Proposals::Proposal;http://participation.lillemetropole.fr/processes/concertationplanclimatmel/f/90/proposals/353
2295.0;2019-05-22T16:43:12+02:00;Radars automatiques à poser asap sur le périphérique dans tous les sens car on est loin du 70 km/h;4205.0;;0.0;1.0;;;462.0;Decidim::Comments::Comment;http://participation.lillemetropole.fr/processes/concertationplanclimatmel/f/90/proposals/307
2302.0;2019-06-13T19:28:16+02:00;Pourquoi le train d'Armentières est-il le plus court de la gare de Lille ???;3874.0;NP;0.0;0.0;;;397.0;Decidim::Proposals::Proposal;http://participation.lillemetropole.fr/processes/concertationplanclimatmel/f/90/proposals/397
2316.0;2019-06-24T21:59:14+02:00;il est en effet incompréhensible que le passage sous le pont à Marquette ou St André reste fermé depuis aussi longtemps. Pourquoi toujours faire des pistes en béton, qui coutent très cher et se dégradent finalement rapidement. Les passages sous les ponts pourraient être faits sur une passerelle arrimée au pont comme on le voit partout ailleurs.;607.0;Colino;0.0;0.0;;;223.0;Decidim::Proposals::Proposal;http://participation.lillemetropole.fr/processes/concertationplanclimatmel/f/90/proposals/223
2319.0;2019-06-25T20:25:08+02:00;Tout à fait d'accord avec la proposition, pour plus de rue piétonnes et pour des revêtements plats afin que tous-tes puissent circuler (en fauteuil roulant, ou pour les personnes ayant des difficultés à marcher, les pavés du vieux Lille c'est l'horreur). Mais allons au-delà du vieux Lille, il faut des rues piétonnes dans tous les quartiers, tous-tes les lillois-e-s ont droit à un meilleur cadre de vie.;2607.0;Marion T;0.0;0.0;;;846.0;Decidim::Proposals::Proposal;http://participation.lillemetropole.fr/processes/concertationplanclimatmel/f/90/proposals/846
2321.0;2019-06-27T13:37:10+02:00;"Je trouve cette idée très bonne ! Quel serait la consommation d'électricité pour le détecteur de mouvement ? Je suppose qu'il serait moindre mais il faudrait vérifier tout de même.
En tout cas, on aurait une baisse de consommation ainsi qu'une baisse de pollution lumineuse !";4244.0;JuDln;1.0;0.0;;;1329.0;Decidim::Proposals::Proposal;http://participation.lillemetropole.fr/processes/concertationplanclimatmel/f/90/proposals/1329
403.0;2018-10-01T20:00:35+02:00;C'est vrai qu'il y en a déjà quelque uns mais pas à tout les passages où il serai possible d'en installer.;1863.0;Viva;1.0;0.0;;;222.0;Decidim::Proposals::Proposal;http://participation.lillemetropole.fr/processes/concertationplanclimatmel/f/90/proposals/222
424.0;2018-10-26T17:00:10+02:00;en bon état oui et aussi  plus visibles ,mieux balisées ( marquage au sol insuffisant) en ville, respectées par les automobilistes qui les envahissent allègrement, et s'y garent indifférents aux cyclistes.;122.0;deregnaucourt;1.0;0.0;;;223.0;Decidim::Proposals::Proposal;http://participation.lillemetropole.fr/processes/concertationplanclimatmel/f/90/proposals/223
441.0;2018-11-27T18:39:52+01:00;Qu appelez vous véhicules lourds ?;2017.0;Tabareau;0.0;0.0;;;280.0;Decidim::Proposals::Proposal;http://participation.lillemetropole.fr/processes/concertationplanclimatmel/f/90/proposals/280
444.0;2018-11-29T12:34:00+01:00;"N'oublions pas les locataires, souvent coincés entre leur incapacité à réaliser les travaux et un propriétaire  peu scrupuleux.
Proposition :
1/ Rendre obligatoire un DPE pour la location de logements (durée de validité maximum de 3 ans)
2/ Interdire la location des logements les moins performants
3/ Créer et communiquer un plan d'évolution de cette interdiction (un niveau supplémentaire concerné tous les 2 ans).";2018.0;rys;0.0;0.0;;;293.0;Decidim::Proposals::Proposal;http://participation.lillemetropole.fr/processes/concertationplanclimatmel/f/90/proposals/293
452.0;2018-12-19T12:03:02+01:00;"Sans aller (au moins dans l'immédiat) jusqu'à interdire le chauffage au bois (qui a quelques vertus), la diffusion de ""bonnes pratiques"", associée à un ""permis de chauffage au bois"" comprenant un contrôle des dispositifs de chauffage, pourrait déjà permettre de limiter considérablement les émissions de particules fines. Voir entre autres le dossier constitué par l'Ineris sur ce sujet : https://www.ineris.fr/fr/dossiers-thematiques/tous-dossiers-thematiques/chauffage-bois-qualite-air";734.0;Livinglille;0.0;0.0;;;327.0;Decidim::Proposals::Proposal;http://participation.lillemetropole.fr/processes/concertationplanclimatmel/f/90/proposals/327
454.0;2018-12-20T18:38:58+01:00;"Le développement des trains (ou du Métro) pour venir dans la Métropole ne ""prendra"" vraiment qu'avec des parkings périphériques et parcs relais. Pour le Métro, il y en a trop peu (6 parcs relais au total, dont aucun au nord de la ville), avec trop peu de places (moins de 1.500, si on excepte le parc des 4 Cantons)
Voir : https://www.lille.fr/Vivre-a-Lille/Me-deplacer/En-voiture/Le-stationnement/Les-parcs-relais-pratiques-et-gratuits";734.0;Livinglille;1.0;0.0;;;320.0;Decidim::Proposals::Proposal;http://participation.lillemetropole.fr/processes/concertationplanclimatmel/f/90/proposals/320
463.0;2019-01-16T15:00:33+01:00;"Il existe déjà un service d'autopartage sur la métropole (Citiz), un service de vélos en libre-service (V'lille). Les trottinettes me paraissent peu intéressantes à proposer sous forme de service public. 
Ces services mériteraient d'être dopés, mais ils ne répondent pas à la même logique que les déplacements en voiture en général (rabattement vers les transports en commun).";78.0;Gaston;0.0;1.0;;;455.0;Decidim::Comments::Comment;http://participation.lillemetropole.fr/processes/concertationplanclimatmel/f/90/proposals/321
472.0;2019-01-16T16:04:17+01:00;Il faut aller plus loin et généraliser l'agriculture urbaine partout et pas seulement sur les toits, afin d'avoir une vraie production locale et pas juste des jardins pédagogiques ou qui se limitent à un témoignage. Cela ne suffira probablement jamais à nourrir l'ensemble de la population de la métropole mais couplé à une production locale en périphérie, cela peut nous rapprocher de l'autosuffisance.;78.0;Gaston;1.0;0.0;;;292.0;Decidim::Proposals::Proposal;http://participation.lillemetropole.fr/processes/concertationplanclimatmel/f/90/proposals/292
481.0;2019-01-17T00:20:18+01:00;Oui plus de transparence de nos services publics!;2230.0;BRE;0.0;0.0;;;290.0;Decidim::Proposals::Proposal;http://participation.lillemetropole.fr/processes/concertationplanclimatmel/f/90/proposals/290
566.0;2019-01-17T18:09:58+01:00;Transpole/Ilévia va proposer du transport à la demande (réservation jusqu'à 1h avant !) pour que les habitants des communes périphériques puissent rejoindre rapidement les gares et autres réseaux structurants (métro/tramway). Je trouve que c'est un service qu'il faudrait valoriser en plus d'une offre train améliorée (on parlait d'un RER lillois avec des fréquences importantes). Mais il est illusoire de vouloir desservir par le rail l'intégralité des 90 communes de la MEL, bien trop disparates. Ou alors il faut opter pour une politique volontariste de reconcentration de l'habitat et de l'activité sur ces gares périphériques et ne pas encourager l'étalement urbain.;78.0;Gaston;0.0;0.0;;;348.0;Decidim::Proposals::Proposal;http://participation.lillemetropole.fr/processes/concertationplanclimatmel/f/90/proposals/348
1015.0;2019-01-26T20:36:56+01:00;"Il suffit que la MEL respecte la loi LAURE de 1996 qui impose que : ""lorsqu’une commune décide de réaliser ou de rénover une voie urbaine ne constituant ni une autoroute ni une voie rapide, des itinéraires cyclables doivent être mis au point.""";524.0;DERAM;0.0;0.0;;;228.0;Decidim::Proposals::Proposal;http://participation.lillemetropole.fr/processes/concertationplanclimatmel/f/90/proposals/228
1138.0;2019-01-30T18:27:55+01:00;"Permet de cibler efficacement la zone ""air prioritaire"" (>120% de VL) entre Lille et Ronchin du plan climat air-énergie territorial";2556.0;Hubert;1.0;0.0;;;513.0;Decidim::Proposals::Proposal;http://participation.lillemetropole.fr/processes/concertationplanclimatmel/f/90/proposals/513
1288.0;2019-02-10T14:53:30+01:00;Il y a l'application Plume qui donne la pollution en direct et les prévisions par ville, mais je ne sais pas si elle est fiable à 100% (il me semble que c'est quand même basé sur les relevés d'Atmo);2616.0;MathM;0.0;1.0;;;1287.0;Decidim::Comments::Comment;http://participation.lillemetropole.fr/processes/concertationplanclimatmel/f/90/proposals/290
1460.0;2019-02-20T19:15:51+01:00;"Créer de vraies ""autoroutes"" à vélo pour relier les villes périphériques au centre ville de Lille comme sur les grands boulevards. Sécuriser les pistes cyclables existantes, qui doivent être indépendantes de la route car effectivement il est dangereux de se déplacer en vélo dans la métropole, incivilités régulière des automobilistes (absence de respect du 1 mètre de sécurité en doublant, pas de contrôle direct avant de traverser une piste cyclable, voitures garées sur les pistes cyclables et d'autres...).

Par exemple, suivre les cours d'eau et dédier une des berges au vélo; améliorer, créer, prolonger les pistes cyclables en bord de Deûle pour rejoindre Loos, Haubourdin puis Seclin et les Weppes d'un côté et La Madeleine, Wambrechies de l'autre.
Créer une ""voie verte"" à vélo reliant Villeneuve d'Ascq à Lille via le grand stade et Lezennes";2915.0;Caro;0.0;0.0;;;223.0;Decidim::Proposals::Proposal;http://participation.lillemetropole.fr/processes/concertationplanclimatmel/f/90/proposals/223
1575.0;2019-03-04T14:26:05+01:00;il faut souligner qu'il y a déjà des obligations (https://www.service-public.fr/professionnels-entreprises/vosdroits/F24396) mais que malheureusement elles ne sont pas mises en oeuvre. Par ailleurs il serait souhaitable que les commerces aient l'obligation de ne pas laisser leurs portes ouvertes avec leur chauffage qui chauffe la rue ou leur clim qui refroidit la rue !;3170.0;JADE SALOME;0.0;0.0;;;303.0;Decidim::Proposals::Proposal;http://participation.lillemetropole.fr/processes/concertationplanclimatmel/f/90/proposals/303
1953.0;2019-03-29T00:00:46+01:00;Une offre alternative est indispensable pour mettre en place cela !;3830.0;Sébastien P.;0.0;1.0;;;439.0;Decidim::Comments::Comment;http://participation.lillemetropole.fr/processes/concertationplanclimatmel/f/90/proposals/317
2244.0;2019-04-15T02:02:47+02:00;"Sous -entendu que la bonne bouffe c'est la viande, et peut etre meme que les légumes, les céraélaes ou pseudo (comme sarrasin, lentilles, pois chiches), les fruits et les oléagineux, et les autres légumes qu'on oublie et redécouvre (comme le panais, le patisson, la betterave, même crue râpée), c'est pas de la bonne bouffe ? Cela n'aurait pas sa place ? En tout cas, ce n'est pas de la malbouffe. ET oui, il faut rester ""zen"" et pacifique entre points de vue divergents.";4044.0;Bienvenu;0.0;1.0;;;479.0;Decidim::Comments::Comment;http://participation.lillemetropole.fr/processes/concertationplanclimatmel/f/90/proposals/306
